URL,user_screenname
https://t.co/go7ywuSifR,dream_sanuki
https://t.co/dLNz3tx2kq,lilligant0519
https://t.co/lt9oipk2wV,kanekoro
https://t.co/Zf1GPwUIQC,yonpei_ts29_nh
https://t.co/rhQKltP5Pc,ktmrz
https://t.co/5B0xVlg9qU,ghost_type_r
https://t.co/96flST5v4p,yurie33333
https://t.co/U0ZrFcnMFB,yama_vab
https://t.co/mja7POU0PT,doorsvie
https://t.co/IxyT6Ialj1,airon_unigmo
https://t.co/bZZA4bh4N6,ts020_gt_1
https://t.co/irk2971RYw,futari5124
https://t.co/gWho4RL92O,a03nyan
https://t.co/8L5LrdX1Y1,at8116
https://t.co/3U411I9c6w,letsgojanjan
https://t.co/WZHOO6QycV,jfactory_je6tce
https://t.co/76BGgA2kZ3,kokkurin_p
https://t.co/sSCMpOQ4hM,ikari_hippopo
https://t.co/4uMrSgzZkK,3_ro_
https://t.co/Gj6spd7Em5,hankyu_taiga
https://t.co/WESrw9qgfR,jinpourin
https://t.co/vGZ1BdrwzN,oki_0079
https://t.co/HrdWQESndr,beautful_soy_sa
https://t.co/nEHUETbHwx,imukamasa422
https://t.co/DsP3o4NMCM,kenchaman
https://t.co/dODcScrGV8,shoseisu
https://t.co/zQoePdOHs3,shin_jinma
https://t.co/G39CaJtIZk,524_36works
https://t.co/6tygeoYWEN,rynrn_1007_
https://t.co/v44vFxnX0X,yoshi_mk_mzk
https://t.co/PjX4NZWDSv,fk0301
https://t.co/KNbjcdFbKM,rucolaz
https://t.co/Do3zevihAI,ry_uil
https://t.co/v6tA9b0o2B,miyachan_rar
https://t.co/Ga1gQ25WXA,ogs
https://t.co/xFMuPcOy2N,ikari_hippopo
